release_year,avg_playtime,metacritic_score,number_of_achievements,multiplayer,price
2011,1.0,77.7,128,0,55.14
2024,27.42,85.6,72,1,87.98
2019,23.5,65.1,83,1,67.88
2015,43.23,89.2,52,0,70.38
2012,42.21,83.4,99,0,79.08
2011,47.56,87.1,123,1,82.6
2023,26.48,76.9,44,0,65.83
2015,50.46,65.1,136,0,65.23
2015,8.88,82.8,104,0,66.12
2008,3.56,68.8,149,1,71.19
2012,1.0,76.2,145,0,61.29
2007,30.01,73.3,105,1,77.04
2006,24.93,86.2,42,1,61.28
2016,55.79,82.3,133,1,82.81
2010,27.03,74.2,47,1,61.69
2006,45.47,55.5,125,0,49.14
2005,56.27,68.6,6,0,50.7
2016,26.27,82.0,15,1,68.96
2016,45.96,77.8,128,1,87.65
2021,60.04,60.0,114,0,74.6
2014,15.24,56.9,36,1,59.77
2020,40.5,77.0,124,0,70.38
2019,26.36,64.4,80,0,57.95
2019,16.51,65.4,61,0,63.13
2023,9.27,81.7,71,0,71.7
2016,16.19,87.0,124,0,70.22
2024,41.2,67.5,65,0,71.08
2007,7.78,74.6,29,0,55.95
2009,28.99,74.3,19,0,54.86
2023,56.26,73.4,81,0,69.63
2011,48.98,75.4,106,1,66.54
2013,29.39,82.6,131,0,69.89
2011,73.79,68.3,36,0,72.64
2022,77.86,59.7,131,0,66.15
2008,40.52,91.9,76,0,73.73
2018,1.0,85.9,88,1,72.52
2022,57.73,64.0,145,0,69.12
2013,1.0,76.4,87,1,71.65
2006,69.52,85.1,32,0,64.11
2024,61.67,82.5,57,0,79.79
2019,75.48,79.6,27,0,74.83
2011,45.21,73.3,34,0,56.56
2016,32.77,92.3,124,0,80.53
2012,31.0,77.2,137,0,65.4
2019,29.07,69.9,64,0,56.74
2007,59.62,83.7,41,0,59.99
2018,54.25,76.0,84,1,63.13
2021,42.4,78.5,136,0,75.47
2008,25.56,77.0,110,0,66.77
2022,92.58,80.0,14,0,72.94
2012,58.25,65.2,68,0,63.27
2008,8.05,60.5,104,0,51.2
2006,29.67,89.3,149,1,71.61
2010,58.64,77.5,63,1,80.38
2014,24.01,82.7,40,0,62.79
2008,47.03,57.4,70,0,61.71
2022,59.02,85.7,55,0,69.86
2016,1.0,69.8,24,1,61.7
2006,37.84,66.9,104,0,54.39
2014,38.62,74.4,133,0,66.62
2008,31.76,65.2,118,0,59.26
2018,46.03,75.0,8,1,90.19
2020,53.15,73.6,59,0,72.02
2019,42.84,85.6,124,0,76.75
2012,32.52,90.1,48,1,70.46
2018,52.65,89.8,50,0,66.25
2012,40.98,52.4,69,1,65.23
2020,35.39,65.6,36,0,59.2
2017,13.75,52.3,30,1,70.31
2022,8.75,63.1,61,1,71.84
2019,13.38,68.5,92,0,63.77
2017,45.57,79.1,13,1,76.61
2013,38.42,69.8,78,0,62.98
2019,10.39,70.1,7,1,62.68
2017,52.92,76.8,35,0,58.94
2005,67.49,57.9,47,1,56.67
2011,28.03,66.6,84,0,56.42
2013,5.18,70.0,27,1,58.27
2005,25.82,73.0,50,0,46.43
2016,57.09,75.8,103,1,74.66
2012,50.97,90.0,100,1,86.43
2015,21.55,84.1,28,0,68.42
2023,70.42,67.3,126,1,83.77
2021,66.97,72.4,81,1,84.02
2012,25.34,71.7,9,0,50.04
2007,25.13,69.9,105,0,51.57
2007,28.14,77.7,0,0,56.24
2005,29.85,56.4,38,0,39.56
2009,59.01,83.8,20,0,65.5
2014,48.51,91.9,64,0,67.33
2011,57.54,72.3,14,0,52.03
2013,53.47,72.1,131,0,70.7
2011,74.29,76.6,60,0,72.36
2013,18.81,85.2,147,1,74.01
2012,47.61,71.8,137,1,65.87
2016,1.0,84.3,86,0,54.38
2006,13.66,79.9,104,1,75.2
2005,38.5,95.0,33,1,73.48
2020,48.36,71.7,123,1,76.22
2009,37.96,55.2,109,0,50.14
2007,28.66,60.7,32,0,38.27
2016,32.21,75.1,97,1,77.14
2012,67.39,85.3,60,1,89.35
2007,32.32,68.5,9,1,55.22
2005,74.98,72.7,83,1,81.66
2007,55.88,81.8,64,0,63.52
2009,49.15,65.3,76,0,65.38
2019,16.13,68.9,0,0,59.6
2018,58.7,63.3,132,0,69.0
2007,30.12,86.8,79,1,80.68
2005,16.11,90.4,14,0,62.24
2009,50.26,59.2,27,0,53.57
2018,12.24,73.6,22,1,58.42
2011,24.76,89.1,108,0,60.91
2013,39.8,79.0,106,1,77.46
2019,84.37,70.1,144,1,91.45
2019,26.26,59.5,112,0,61.15
2014,30.84,86.5,97,0,66.98
2017,54.65,78.6,140,0,64.9
2023,15.23,60.3,141,0,59.95
2011,48.86,86.9,138,0,73.13
2021,64.12,59.0,27,0,58.98
2024,33.86,72.8,41,1,71.9
2008,60.52,72.4,98,0,62.3
2009,45.83,91.2,60,1,83.91
2011,25.39,72.4,122,0,64.33
2017,36.04,72.4,63,0,65.76
2019,32.4,61.4,30,1,67.19
2015,38.25,68.6,80,0,64.79
2008,43.05,66.8,9,0,52.17
2017,51.76,67.3,7,1,67.33
2011,50.17,75.1,148,1,78.95
2023,1.0,50.7,58,1,59.65
2006,38.05,59.9,29,0,41.96
2014,9.81,73.9,144,0,70.03
2017,34.49,76.2,19,1,62.48
2010,37.52,72.7,47,1,73.9
2016,59.52,74.6,129,0,74.01
2016,39.4,70.9,36,1,65.12
2024,45.18,74.8,128,0,75.91
2015,55.86,79.3,131,0,70.46
2011,64.56,79.3,99,0,73.11
2005,37.54,68.1,53,0,56.28
2005,41.88,84.2,121,0,66.71
2024,40.2,76.6,24,0,74.45
2017,29.15,87.3,130,0,73.56
2013,24.62,89.3,8,1,81.97
2007,1.0,60.6,33,1,57.8
2011,18.47,66.4,42,1,58.49
2010,4.43,83.1,73,1,71.94
2012,65.1,58.4,93,0,62.81
2013,43.77,89.2,21,0,67.32
2009,37.48,71.6,69,1,64.36
2005,25.65,80.8,129,0,66.75
2023,40.6,73.8,93,0,71.98
2014,23.04,61.1,31,0,54.04
2016,43.48,85.6,105,1,88.36
2019,44.91,95.0,143,0,95.25
2013,22.77,69.8,0,1,60.11
2024,22.39,71.8,71,0,66.89
2021,59.24,48.5,49,1,66.76
2021,38.94,88.5,140,1,88.38
2024,24.38,84.1,14,1,81.5
2016,32.59,57.7,52,0,52.67
2011,19.79,54.4,7,0,38.96
2006,38.66,55.5,73,1,64.77
2007,56.63,81.5,45,0,66.13
2021,39.45,82.4,68,0,71.25
2009,87.27,65.8,113,0,67.01
2021,48.43,80.0,146,1,94.53
2021,44.6,76.6,122,0,69.94
2021,21.83,71.3,138,1,77.69
2006,35.23,84.7,116,0,57.29
2006,24.42,63.0,42,0,47.45
2009,1.0,86.5,19,1,68.62
2005,59.49,67.7,147,0,54.56
2005,29.77,92.8,20,0,60.94
2023,24.79,64.9,81,1,76.64
2006,44.21,71.5,56,1,66.92
2016,50.25,75.6,73,0,61.99
2010,33.58,75.5,97,1,71.52
2008,39.95,79.9,109,1,74.59
2015,54.92,62.1,114,1,71.55
2021,32.8,74.6,41,0,72.53
2010,46.05,76.4,67,0,59.5
2009,6.82,69.7,69,1,62.6
2024,15.17,79.0,77,1,73.02
2006,52.11,61.5,89,0,45.83
2010,14.13,71.7,110,0,61.39
2015,44.68,67.5,111,0,64.09
2020,37.06,71.8,102,0,66.22
2020,32.71,89.5,144,0,73.52
2005,23.43,89.7,18,0,63.38
2013,58.19,87.7,69,1,72.89
2010,74.6,70.4,62,0,68.44
2020,46.0,84.1,74,1,84.89
2007,46.45,76.1,103,0,54.49
2024,26.35,75.5,74,0,71.21
2008,16.08,74.2,127,0,71.54
2023,39.21,92.6,55,0,85.27
2007,20.53,88.7,21,1,63.92
2023,4.55,82.4,88,1,82.29
2024,56.07,73.3,18,0,64.08
2011,57.04,75.4,25,0,55.45
2024,22.82,80.3,22,0,69.54
2013,44.88,69.8,46,1,71.08
2005,60.04,84.4,12,1,73.85
2012,44.1,65.8,65,0,62.48
2011,16.14,78.9,143,1,74.3
2022,35.34,52.1,72,1,58.48
2012,66.54,69.5,76,0,63.82
2005,44.94,95.0,30,0,70.58
2015,50.78,85.4,84,1,82.71
2022,46.83,90.4,58,1,87.61
2014,22.89,68.3,40,0,58.44
2007,27.58,76.0,111,0,60.87
2011,46.78,87.8,95,0,60.65
2020,56.34,81.3,121,0,82.94
2020,62.0,80.1,104,1,83.99
2024,22.84,91.3,73,0,81.47
2021,48.66,64.6,131,1,65.42
2006,63.74,73.2,98,1,78.14
2005,20.26,57.5,125,0,42.24
2020,69.73,64.0,137,0,84.04
2016,72.78,85.7,74,0,86.88
2009,92.5,65.8,13,1,62.01
2009,44.62,82.4,37,0,67.01
2013,44.73,91.6,139,1,78.77
2013,56.54,73.2,44,1,68.49
2007,55.96,80.2,144,0,64.21
2023,62.53,82.4,74,1,88.94
2020,55.68,62.8,28,1,72.77
2020,37.88,68.8,17,0,56.94
2007,64.44,65.0,19,0,56.9
2024,18.57,69.6,13,1,70.43
2005,40.12,82.2,53,1,58.65
2024,71.27,69.0,30,0,69.75
2015,15.0,74.6,57,0,68.73
2021,26.45,64.6,103,0,62.2
2012,53.43,87.3,127,1,72.42
2008,47.88,69.5,24,0,59.63
2010,22.5,90.2,18,0,58.75
2012,31.68,75.6,135,1,73.98
2024,16.38,60.9,2,0,57.36
2007,59.61,73.3,85,1,78.24
2020,34.88,64.4,144,0,65.76
2007,75.84,80.9,141,1,72.75
2022,41.62,72.4,8,0,64.09
2018,35.61,76.6,93,1,70.56
2022,33.66,71.3,148,1,78.66
2006,35.12,69.4,138,0,66.54
2007,42.22,65.3,19,0,57.76
2020,90.25,83.4,34,0,89.12
2013,33.22,73.3,52,0,63.01
2008,33.87,71.9,109,1,67.57
2005,41.31,73.0,135,1,62.46
2008,61.81,68.2,3,0,57.27
2005,11.58,71.9,101,1,60.08
2018,49.1,77.1,46,1,80.49
2020,23.65,64.7,93,1,64.92
2024,51.07,66.1,47,0,68.53
2012,30.12,88.8,90,0,61.14
2011,1.0,71.4,83,0,56.47
2007,47.39,69.5,67,0,60.18
2021,47.22,61.6,138,0,59.46
2005,28.42,83.5,124,0,55.52
2020,27.23,64.4,72,0,55.43
2016,13.77,74.8,3,1,65.55
2023,55.46,57.9,75,0,58.44
2018,57.64,83.2,72,0,81.13
2010,22.42,86.8,76,0,66.73
2010,29.2,79.8,47,0,63.65
2017,38.73,59.7,101,0,52.34
2023,85.42,83.4,105,0,90.62
2012,50.9,66.7,76,0,63.65
2006,21.13,63.3,38,0,44.1
2005,46.08,71.2,57,0,47.64
2019,12.47,71.0,18,0,59.07
2005,54.36,69.9,87,1,63.15
2009,73.51,87.7,112,0,71.57
2020,73.6,95.0,76,0,80.81
2023,54.7,61.3,76,0,70.67
2008,28.33,68.1,27,0,39.05
2007,13.98,76.4,65,0,62.31
2021,12.0,71.1,9,0,65.6
2021,1.0,79.0,125,1,77.75
2016,53.88,84.2,57,0,71.09
2018,37.94,82.5,141,0,79.8
2010,58.18,81.1,124,1,77.27
2007,68.56,91.6,111,1,79.84
2013,42.0,59.1,83,0,62.1
2009,42.92,89.8,142,0,82.11
2021,30.71,70.9,95,0,62.74
2018,33.08,82.9,32,0,70.51
2007,54.57,64.7,144,0,53.91
2005,36.51,65.9,140,0,57.94
2024,33.62,81.6,46,1,77.46
2005,39.63,55.7,111,0,55.41
2007,57.73,84.9,143,0,69.36
2022,26.15,87.6,42,0,73.65
2014,38.67,76.8,7,1,77.89
2007,44.91,76.4,2,0,52.98
2012,63.2,66.7,124,1,76.04
2018,35.21,81.7,11,0,63.94
2022,25.64,78.5,83,0,76.82
2019,30.31,65.8,15,0,68.32
2006,61.06,71.1,77,0,58.04
2014,80.67,73.4,58,0,57.93
2006,13.72,71.1,62,0,48.05
2021,18.09,61.4,48,0,70.76
2012,36.62,82.0,50,1,69.63
2005,42.22,72.6,32,0,63.07
2013,55.74,75.2,29,0,60.76
2015,22.18,69.2,75,0,56.53
2020,18.74,79.8,14,1,77.28
2011,42.76,77.0,81,1,75.05
2014,34.83,87.1,91,0,74.8
2007,58.53,79.8,22,0,61.41
2022,49.75,73.0,93,0,77.37
2017,51.11,67.6,44,1,76.08
2011,37.91,83.7,61,1,79.11
2008,87.11,72.2,14,0,59.14
2017,23.25,73.3,45,0,67.15
2024,52.22,73.3,63,0,70.22
2005,14.61,71.0,74,0,50.6
2012,18.53,73.5,51,1,64.77
2018,27.85,94.3,87,0,71.07
2020,72.59,64.5,56,0,59.27
2018,45.28,66.9,82,1,78.84
2016,28.19,88.8,65,1,75.19
2023,47.49,71.3,149,0,73.25
2019,40.7,70.5,19,1,67.85
2006,30.16,85.3,32,0,58.32
2006,12.07,60.8,71,1,52.03
2023,68.77,83.2,24,1,91.92
2021,44.2,75.5,45,0,66.46
2024,83.47,79.6,72,1,97.72
2014,58.81,79.5,97,1,84.3
2010,51.03,68.7,56,0,56.44
2019,31.3,85.5,86,0,74.55
2015,18.09,69.5,132,1,72.66
2009,35.65,79.1,54,0,65.0
2005,17.51,87.4,60,0,64.02
2012,53.0,88.8,88,1,81.28
2016,72.65,72.3,7,1,69.44
2016,34.78,79.6,15,0,67.79
2009,58.89,71.4,115,0,62.3
2011,26.22,95.0,60,0,55.29
2008,33.95,82.8,14,0,61.54
2010,23.7,75.8,149,0,59.25
2017,1.0,78.1,130,1,71.02
2024,39.27,79.1,101,0,75.71
2019,42.57,79.4,53,0,62.15
2007,61.32,72.6,13,0,58.44
2012,55.91,71.1,35,1,67.68
2024,56.18,73.5,104,0,71.18
2020,20.52,63.6,81,0,61.16
2017,49.19,82.2,66,0,62.92
2022,71.65,67.0,9,0,68.67
2014,47.6,64.4,48,0,61.29
2023,76.57,74.9,110,0,80.34
2021,80.38,73.7,64,0,78.85
2023,34.63,77.5,56,0,76.97
2009,26.06,69.3,26,0,52.66
2013,24.77,71.1,112,0,66.73
2016,9.68,81.9,132,0,67.39
2005,29.63,81.3,70,0,55.1
2005,64.15,80.9,82,0,62.21
2019,1.0,75.3,56,0,63.15
2006,19.25,76.7,119,1,71.41
2020,37.46,77.3,92,0,70.88
2012,22.46,68.4,14,0,50.52
2017,29.45,89.7,110,0,81.61
2005,29.75,88.3,100,1,64.45
2020,34.85,82.9,118,1,79.26
2011,25.41,70.7,75,0,62.2
2009,23.78,80.4,19,0,66.74
2007,58.69,84.8,130,0,71.7
2016,60.99,62.8,72,0,64.18
2020,12.39,91.9,121,0,74.43
2023,1.0,57.6,40,1,66.09
2009,61.27,82.0,129,0,70.51
2018,15.42,89.5,22,1,72.81
2009,44.25,73.9,22,0,56.33
2019,8.69,73.5,143,1,70.06
2021,65.96,81.7,8,1,82.0
2018,90.87,93.5,12,0,82.2
2024,43.66,72.2,50,0,78.51
2009,38.12,67.2,63,0,52.68
2016,33.56,70.8,51,0,60.86
2020,55.64,59.5,37,0,68.23
2020,51.35,84.0,99,0,85.67
2011,60.07,69.9,145,0,68.36
2008,27.44,72.9,50,1,62.21
2005,46.8,84.1,136,0,63.5
2009,29.15,71.2,140,1,58.97
2014,18.85,82.6,54,0,59.38
2009,39.18,64.6,108,1,65.29
2008,21.55,84.6,43,0,59.17
2006,63.47,78.4,109,0,68.1
2024,22.76,74.1,127,1,79.05
2014,47.27,76.3,104,0,64.01
2023,27.93,62.1,9,1,69.81
2005,45.54,76.1,99,0,72.35
2009,29.52,73.6,147,0,60.18
2017,14.86,62.4,108,0,59.13
2008,49.68,68.3,107,1,71.58
2020,35.29,73.7,139,0,68.24
2020,45.72,68.9,145,1,84.94
2006,31.42,50.9,93,1,45.71
2021,13.44,85.8,62,0,68.76
2024,61.66,73.6,83,0,73.83
2016,54.74,52.3,24,1,63.1
2022,28.66,95.0,11,0,66.09
2007,41.4,87.4,148,0,75.68
2005,60.84,71.5,24,0,58.15
2005,30.86,66.6,10,0,54.03
2023,33.96,79.0,63,0,80.23
2015,44.87,77.0,125,0,65.79
2009,30.82,80.4,49,1,56.01
2016,57.14,66.6,88,0,70.81
2007,36.62,86.0,98,0,63.55
2005,24.32,70.3,115,1,56.86
2005,52.17,81.8,95,1,74.36
2012,17.16,67.0,13,1,72.66
2014,80.3,95.0,0,0,76.2
2015,71.65,82.0,24,1,83.68
2016,50.27,95.0,71,0,72.45
2017,48.59,83.3,68,0,63.49
2016,47.65,69.4,132,0,71.81
2018,30.22,83.3,104,0,74.51
2006,45.95,84.0,146,1,72.67
2023,21.54,78.7,22,0,76.63
2022,50.08,81.3,8,1,71.34
2007,57.36,82.6,117,1,69.21
2021,32.44,65.1,93,0,62.13
2012,28.1,64.4,143,0,57.36
2014,15.75,67.1,32,0,62.02
2006,69.16,76.3,129,0,66.01
2023,29.69,72.8,13,0,64.92
2013,36.03,65.2,0,1,56.08
2011,46.0,82.8,89,0,72.96
2008,45.64,77.8,88,0,56.88
2022,54.93,76.7,143,1,78.96
2017,32.41,72.4,89,0,63.12
2015,17.23,71.2,13,1,65.66
2008,13.73,66.6,110,0,49.65
2008,28.41,84.3,142,0,69.47
2014,20.96,68.0,82,0,57.01
2009,33.93,77.1,71,0,65.65
2013,66.15,91.6,129,0,81.11
2007,32.45,71.7,26,1,70.56
2021,32.45,84.6,73,0,71.41
2007,39.67,80.7,98,1,75.01
2020,31.89,78.1,71,0,60.46
2008,38.65,79.3,22,0,73.41
2022,50.82,74.1,67,0,75.57
2021,57.7,75.3,141,1,82.7
2011,60.06,69.5,116,0,63.07
2009,81.14,75.4,105,0,67.09
2016,51.39,69.1,92,1,82.88
2021,84.69,85.1,64,0,85.72
2017,24.47,58.0,67,1,61.41
2007,81.83,79.8,127,0,63.94
2013,32.39,78.4,62,1,77.52
2021,34.36,77.5,112,1,84.48
2021,37.6,85.2,89,1,87.04
2024,35.63,72.1,80,0,70.19
2020,41.72,77.6,102,0,70.64
2017,28.4,57.8,115,1,74.95
2023,56.6,70.8,12,0,77.8
2021,28.94,83.6,123,0,78.27
2008,53.11,61.6,146,1,71.32
2016,70.55,76.6,87,0,73.21
2013,32.86,68.2,10,0,49.09
2023,55.89,73.9,14,0,65.53
2016,51.18,68.8,9,0,67.07
2013,85.06,62.5,40,0,68.79
2011,29.9,78.9,72,1,75.59
2018,55.9,74.5,51,0,70.32
2024,7.48,81.1,127,1,86.69
2023,30.08,82.9,27,1,79.44
2019,47.07,87.3,64,1,86.19
2020,67.86,76.3,16,0,70.12
2009,15.48,87.7,94,1,66.78
2007,55.72,65.2,137,0,63.75
2016,38.74,84.1,62,0,76.13
2024,9.57,79.6,37,1,88.65
2008,43.63,77.3,69,0,62.38
2020,74.18,79.4,103,1,80.76
2011,17.59,65.4,52,0,51.09
2017,37.8,63.0,118,1,70.01
2014,20.27,92.1,73,0,70.68
2011,30.63,73.3,53,1,69.06
2018,68.64,73.2,19,0,70.05
2009,34.57,64.0,78,0,58.16
2007,68.03,60.2,30,0,54.38
2015,62.18,74.1,134,0,59.96
2015,32.75,71.6,57,0,62.69
2022,29.95,75.0,104,0,71.23
2019,22.08,75.9,9,0,65.65
2016,21.38,95.0,9,0,68.15
2013,47.06,71.6,38,0,62.28
2014,39.6,90.8,36,1,81.12
2016,27.53,91.4,118,1,81.74
2021,9.02,82.5,66,1,80.1
2010,42.12,72.6,42,1,67.09
2011,30.61,61.4,51,0,53.42
2018,36.09,79.8,100,0,56.09
2017,46.09,85.2,55,0,66.14
2012,1.0,92.5,75,1,68.03
2014,9.33,65.5,67,1,63.78
2013,85.93,72.6,136,0,78.73
2022,29.87,65.6,105,0,65.52
2006,1.0,68.7,124,0,55.72
2009,11.0,81.6,91,0,63.46
2009,89.69,68.2,22,0,62.56
2010,25.94,66.8,108,0,59.54
2023,63.18,83.0,60,1,87.59
2012,42.42,79.5,43,0,63.16
2020,30.3,78.5,15,1,76.5
2017,55.51,68.5,21,1,78.45
2005,1.0,87.9,56,1,67.28
2024,11.18,75.1,61,1,76.59
2021,30.15,95.0,106,1,83.74
2011,13.14,76.6,70,1,73.66
2017,28.38,51.7,89,1,55.11
2008,57.07,51.2,71,0,41.59
2008,42.64,81.2,69,1,72.72
2010,66.61,88.0,29,1,73.04
2023,43.91,67.2,102,1,83.11
2016,59.85,95.0,31,1,76.41
2011,38.72,91.6,85,0,75.48
2014,28.19,77.1,56,0,66.89
2023,69.61,80.4,108,0,81.03
2011,25.81,83.9,8,0,50.55
2007,46.88,93.9,30,1,66.46
2017,55.38,81.8,70,0,73.52
2017,56.83,76.9,136,0,72.2
2022,16.69,81.7,12,0,71.2
2024,61.04,80.4,130,0,80.7
2012,20.42,84.2,34,1,69.71
2013,56.21,59.3,20,1,51.35
2011,50.7,78.2,63,0,68.75
2005,56.37,79.6,94,0,59.71
2007,15.9,74.3,33,0,50.78
2017,51.76,82.8,120,0,69.44
2021,61.71,94.2,14,0,72.16
2005,43.87,76.4,119,1,76.08
2010,23.63,81.9,95,0,67.23
2010,58.39,91.1,5,0,72.6
2016,42.28,76.6,108,0,67.77
2017,6.51,66.1,96,1,57.74
2017,22.08,81.2,31,1,83.55
2019,29.47,53.0,82,1,66.32
2020,70.12,52.0,117,0,65.06
2015,66.6,78.3,78,1,77.26
2009,66.54,51.6,77,0,42.58
2008,44.65,61.8,146,0,63.03
2007,58.27,71.2,106,0,55.95
2023,17.18,67.8,125,0,69.85
2024,40.14,73.5,14,1,80.54
2022,49.03,86.1,133,1,90.34
2019,18.5,77.4,72,0,68.62
2013,44.2,66.6,100,1,76.06
2021,73.73,88.5,97,1,87.02
2018,51.18,60.7,25,1,68.5
2019,58.35,77.2,91,0,71.99
2005,1.0,59.6,124,0,36.95
2007,71.16,77.5,72,0,66.07
2020,36.28,71.8,122,1,83.7
2015,24.63,85.8,52,0,74.09
2016,36.51,82.2,77,0,78.52
2014,10.3,69.1,91,0,48.99
2020,60.96,67.2,87,0,77.24
2012,33.29,71.8,12,1,66.04
2010,25.23,93.8,42,1,82.76
2016,36.64,91.2,75,1,79.67
2012,62.36,65.3,50,1,65.46
2008,42.63,83.0,18,0,55.12
2012,11.81,57.7,148,0,57.49
2022,49.3,70.5,121,0,74.88
2009,21.42,65.7,23,0,44.84
2013,1.0,85.7,25,0,49.83
2008,69.92,62.1,119,1,69.96
2021,49.14,79.3,81,0,76.51
2013,38.43,75.0,99,1,67.68
2005,33.09,73.2,16,0,46.45
2024,67.94,91.7,67,0,87.88
2017,101.74,92.6,43,0,92.59
2020,48.98,73.6,60,0,66.65
2017,19.41,71.5,122,0,59.98
2018,36.91,59.9,92,0,62.0
2007,48.61,75.0,73,0,63.2
2010,1.0,94.5,66,0,62.9
2022,46.69,73.7,110,0,83.09
2023,48.73,82.3,1,1,85.41
2009,66.53,61.0,88,1,64.19
2019,64.44,70.7,25,0,59.48
2006,42.22,79.6,98,1,76.44
2014,70.29,76.1,26,1,81.03
2022,80.71,83.2,88,1,88.22
2017,40.56,69.0,145,0,69.17
2009,48.36,57.5,0,0,48.45
2005,4.65,86.2,102,1,69.51
2005,10.98,65.6,130,0,45.84
2022,23.24,80.1,40,1,71.28
2019,31.13,79.5,50,1,80.18
2021,18.08,58.4,14,0,60.08
2015,39.28,85.5,7,0,64.53
2021,31.73,69.3,37,0,60.33
2017,61.42,75.6,113,0,77.98
2005,30.5,71.4,82,0,50.81
2006,1.0,91.2,55,0,59.59
2013,42.52,88.4,102,0,71.74
2007,39.72,56.9,137,0,45.51
2005,22.76,95.0,101,1,74.92
2020,41.9,68.2,77,0,66.72
2010,18.49,95.0,82,1,78.18
2021,46.6,72.4,29,1,76.25
2009,92.66,71.6,4,0,73.77
2009,3.89,72.5,118,1,69.75
2010,29.68,71.0,30,0,55.64
2007,26.47,95.0,22,1,72.82
2009,31.33,74.2,47,0,66.19
2009,60.4,72.0,108,0,67.96
2014,50.86,75.8,39,0,58.52
2014,56.98,65.3,5,0,63.4
2023,40.61,91.0,37,0,84.04
2021,13.56,60.3,99,0,68.02
2018,17.71,68.9,26,0,56.78
2013,54.93,84.4,68,0,67.85
2018,43.42,75.4,56,0,62.72
2005,65.2,80.5,16,0,62.37
2023,45.87,90.3,70,0,83.61
2017,16.34,85.0,46,0,64.3
2017,29.56,76.4,78,1,73.41
2008,51.3,95.0,109,0,62.78
2005,54.21,68.7,12,1,68.64
2021,57.1,74.0,138,0,67.44
2012,19.03,74.7,123,1,71.83
2006,15.98,74.0,108,0,56.78
2012,36.2,64.3,89,0,57.86
2011,68.8,59.2,85,0,59.3
2006,26.12,79.2,91,0,53.8
2007,49.1,68.7,23,0,52.81
2022,49.1,94.1,72,0,86.45
2016,55.22,74.3,3,1,78.7
2005,73.29,72.5,112,0,60.73
2016,71.24,85.9,45,0,66.91
2009,28.11,79.0,17,1,61.88
2021,1.0,73.2,42,0,70.94
2020,26.43,68.6,92,1,69.27
2019,41.51,95.0,102,0,79.54
2019,32.77,78.6,123,1,86.65
2009,79.36,85.8,9,0,65.84
2018,40.38,64.8,72,1,69.61
2006,53.07,69.2,30,1,66.84
2015,44.34,95.0,59,0,83.66
2023,33.07,89.0,130,0,77.12
2011,1.5,79.6,117,0,67.62
2010,38.43,71.2,13,1,62.6
2006,105.09,72.7,142,0,65.56
2010,15.11,68.2,1,0,51.68
2022,3.7,63.4,23,0,51.23
2006,78.73,84.2,63,0,70.24
2022,54.84,80.4,99,0,92.72
2019,43.75,82.4,113,1,88.12
2023,67.25,71.6,23,0,70.93
2006,23.37,77.6,90,1,70.84
2024,37.87,70.7,25,0,62.81
2010,59.1,67.7,64,0,56.11
2005,82.21,91.7,119,0,73.73
2019,16.63,76.2,3,0,62.39
2014,65.61,80.1,0,1,68.61
2023,47.64,83.4,49,1,82.14
2021,43.26,76.3,109,0,72.19
2009,39.85,77.4,138,0,72.49
2008,12.31,64.1,73,0,43.5
2014,59.26,66.0,61,1,63.23
2021,24.35,65.5,80,1,72.09
2014,18.41,81.1,55,1,76.99
2021,57.71,75.7,110,0,77.57
2024,55.78,66.0,20,0,69.1
2009,41.58,80.8,140,0,65.39
2006,61.59,80.4,8,0,64.04
2010,68.52,68.1,138,0,69.34
2006,66.16,74.7,69,0,60.25
2017,29.43,80.5,128,0,65.91
2015,60.28,66.4,117,1,69.39
2015,44.23,80.7,55,1,80.11
2020,74.52,78.0,30,0,65.96
2015,37.53,65.0,36,0,66.32
2023,32.87,77.2,90,0,70.15
2019,27.72,78.7,113,1,79.88
2020,43.79,68.7,127,1,80.8
2015,49.33,69.5,121,1,70.8
2020,49.72,64.9,68,1,71.02
2012,46.98,70.5,35,0,60.31
2008,53.42,74.9,31,0,55.13
2012,35.55,69.6,63,0,53.52
2008,22.55,60.2,47,0,43.32
2007,20.8,68.1,80,1,66.82
2007,59.5,70.8,148,0,65.33
2022,49.41,83.2,59,0,71.58
2023,2.88,80.9,140,0,76.67
2023,61.94,83.4,0,1,79.68
2009,77.61,67.6,64,0,52.09
2022,25.68,76.4,32,1,78.74
2014,46.72,50.8,37,0,59.67
2010,30.53,79.3,24,0,62.21
2005,52.57,81.1,58,0,51.9
2009,16.68,71.5,100,1,64.33
2013,38.57,78.0,126,0,66.09
2016,59.63,59.9,40,1,69.56
2018,64.71,67.0,56,0,62.17
2006,48.53,82.7,47,0,60.09
2021,33.22,80.1,71,1,72.29
2018,8.15,70.9,55,0,60.92
2017,24.85,83.1,64,0,61.17
2013,30.61,76.4,11,1,69.92
2019,26.05,70.0,68,0,59.73
2019,41.19,73.2,133,1,62.91
2015,33.16,70.4,88,0,66.57
2020,43.44,63.2,24,0,63.77
2021,64.05,87.6,0,0,82.96
2008,31.87,69.3,130,1,55.89
2005,12.34,66.7,48,0,44.32
2012,25.97,59.7,146,1,65.31
2021,51.67,48.6,59,1,68.68
2007,53.56,82.0,1,0,53.38
2024,48.12,82.9,72,0,79.64
2019,66.01,86.9,144,0,78.91
2019,36.27,73.5,109,0,59.57
2018,81.04,71.8,60,0,67.69
2018,56.36,69.9,16,1,75.19
2006,1.0,70.8,48,1,47.7
2017,76.01,86.2,75,1,89.04
2018,24.66,74.7,147,1,78.23
2023,19.32,78.8,130,1,79.92
2011,50.48,70.6,42,0,51.59
2007,5.24,88.2,56,1,59.51
2019,26.09,56.0,49,1,61.55
2018,71.14,62.8,36,0,58.64
2015,51.12,78.8,45,1,73.65
2019,56.24,92.5,14,0,81.12
2017,26.86,72.7,79,1,70.59
2022,9.23,66.6,138,1,71.67
2010,54.14,85.0,147,1,78.48
2007,58.61,78.2,23,0,65.73
2023,57.7,87.9,124,1,97.67
2019,44.18,62.1,117,0,66.84
2009,20.66,87.1,79,0,64.49
2014,88.76,59.5,93,1,74.07
2011,49.6,72.1,64,0,68.64
2021,36.52,79.1,87,1,82.57
2011,36.61,76.9,87,0,70.68
2016,42.99,85.6,144,0,73.16
2021,61.39,56.7,125,1,67.95
2017,43.79,76.4,88,0,65.43
2024,57.17,87.0,60,0,77.46
2008,43.03,75.6,14,1,73.37
2014,37.75,63.6,93,0,62.98
2007,52.83,85.1,50,1,69.37
2013,52.07,68.5,26,0,63.81
2017,36.61,66.8,73,0,61.47
2022,25.02,65.5,60,0,71.27
2019,46.83,73.0,30,0,64.56
2008,41.57,76.8,11,0,49.91
2019,28.9,62.3,45,0,58.01
2006,23.15,64.4,31,0,46.34
2019,48.21,68.1,60,0,58.74
2012,51.0,65.5,45,0,61.15
2012,32.8,75.4,84,0,69.53
2021,28.4,78.6,79,0,64.7
2016,23.39,77.2,134,1,80.49
2023,47.65,77.3,3,1,75.29
2014,23.92,91.7,51,1,77.07
2013,84.82,79.2,111,0,73.64
2009,31.79,82.8,35,1,69.02
2010,1.0,70.9,53,1,62.59
2024,39.4,84.4,118,1,82.11
2006,38.54,70.4,126,0,64.54
2017,62.23,79.1,16,1,79.81
2010,45.76,61.3,74,1,67.39
2009,23.32,76.7,104,1,64.33
2005,34.27,65.2,149,0,49.64
2010,46.55,84.4,116,0,74.88
2010,1.0,83.8,42,0,52.34
2020,66.77,70.3,111,0,73.48
2008,23.38,95.0,114,1,82.2
2015,68.34,72.1,26,0,64.99
2013,47.85,58.9,36,0,60.67
2007,52.59,67.2,45,0,53.99
2023,62.99,64.6,112,0,65.34
2012,51.46,78.8,34,0,66.29
2009,53.46,62.6,131,1,68.08
2008,36.71,69.6,79,0,70.1
2010,47.44,78.1,79,0,59.41
2006,28.25,76.4,120,0,57.97
2024,33.13,74.9,146,0,71.25
2015,79.29,76.3,121,0,73.36
2008,23.84,71.3,80,1,62.71
2019,43.09,59.0,149,1,68.23
2010,42.27,71.0,118,1,72.1
2021,33.78,79.7,57,1,77.49
2010,50.29,73.6,62,0,68.19
2023,51.79,78.9,99,1,81.33
2006,21.48,69.1,65,1,69.15
2019,42.03,84.9,144,1,86.56
2015,18.35,49.4,84,0,56.03
2012,55.77,76.4,136,1,77.55
2023,43.53,88.5,143,1,86.42
2017,41.65,90.0,122,1,83.62
2016,53.18,72.7,1,0,56.23
2009,34.49,61.7,105,1,61.93
2010,58.28,88.7,107,1,81.28
2008,21.03,74.5,71,1,64.57
2023,68.24,73.4,125,0,84.24
2024,28.98,66.1,56,1,72.64
2005,6.08,62.5,80,0,36.69
2024,33.43,80.6,140,0,95.25
2021,31.16,81.7,18,0,65.77
2016,33.28,77.0,6,1,75.44
2019,44.63,67.4,136,0,60.85
2005,61.96,64.4,53,0,55.34
2018,36.17,60.7,103,1,65.34
2010,26.17,69.4,85,1,50.76
2009,17.47,64.9,81,0,50.93
2015,30.64,57.9,60,1,62.3
2008,2.24,81.5,86,1,64.7
2017,25.5,61.8,1,0,55.59
2015,64.88,84.8,30,0,70.3
2007,23.53,78.9,32,0,56.55
2005,52.57,77.9,79,0,61.66
2010,15.47,91.7,10,0,62.47
2022,75.42,62.1,127,1,79.48
2014,76.75,83.7,134,1,80.81
2009,51.82,72.0,127,0,66.31
2014,79.83,95.0,30,0,76.76
2016,47.12,71.2,125,0,65.89
2006,55.37,69.6,46,0,58.76
2017,65.24,79.3,106,0,75.37
2012,43.59,72.9,18,1,64.0
2006,8.95,67.4,80,1,64.1
2024,55.78,65.3,122,0,66.37
2005,30.56,89.6,133,1,68.87
2009,32.05,63.4,106,0,58.33
2013,45.96,77.2,48,1,81.06
2021,51.33,85.6,72,0,73.99
2013,43.0,86.0,49,0,70.39
2015,52.71,69.0,80,1,66.44
2019,25.86,72.9,94,0,61.6
2010,39.15,71.0,11,1,69.58
2007,56.98,59.6,22,0,52.9
2021,75.46,80.4,53,0,82.77
2009,82.53,75.4,117,0,74.55
2016,48.66,89.4,58,0,63.25
2022,56.8,66.8,2,1,67.62
2018,79.63,85.9,57,0,79.51
2015,26.58,86.6,56,1,67.6
2013,52.59,75.5,144,1,71.95
2006,55.37,53.3,89,1,65.34
2016,68.96,69.9,54,0,64.07
2007,17.26,92.9,44,1,74.37
2007,21.21,78.0,0,0,53.63
2005,40.43,81.9,20,0,54.63
2012,47.55,74.1,20,0,52.47
2012,62.46,72.8,51,0,65.07
2015,50.35,56.3,81,0,65.04
2013,36.97,82.9,66,1,71.46
2009,48.33,85.8,112,0,69.29
2018,46.02,65.5,43,0,54.6
2007,74.9,73.2,9,1,64.53
2009,43.31,71.9,63,0,60.48
2009,32.34,79.2,68,0,64.77
2023,48.99,69.6,67,0,72.66
2018,43.97,84.3,27,1,68.34
2008,8.58,75.7,115,0,55.01
2017,39.69,49.5,50,0,47.97
2014,37.99,79.4,3,0,61.22
2022,29.12,85.0,78,1,81.79
2012,60.71,63.5,16,1,70.58
2012,24.29,79.1,107,1,73.61
2011,49.11,93.3,73,0,79.56
2012,37.04,76.1,22,0,56.82
2018,42.15,86.4,17,0,63.7
2023,48.24,70.6,128,0,80.6
2010,13.85,74.8,34,0,57.35
2005,43.83,73.0,63,0,52.49
2019,85.78,71.1,58,0,74.72
2005,8.86,73.5,0,1,60.27
2021,38.85,58.7,130,0,65.07
2005,62.46,71.7,66,1,62.87
2019,46.03,88.4,36,0,71.89
2006,53.76,65.4,28,0,54.4
2018,1.0,64.3,88,0,58.11
2012,51.96,75.6,99,0,72.21
2012,24.77,76.1,121,0,62.04
2023,46.2,78.8,89,0,70.35
2011,39.41,73.9,131,1,85.08
2023,85.57,75.7,13,1,84.62
2010,50.93,71.5,149,0,69.01
2010,37.75,62.2,130,1,67.89
2007,9.81,74.3,84,1,63.35
2011,42.42,82.2,20,1,70.15
2023,56.46,80.2,25,1,68.18
2012,38.39,57.6,40,0,46.82
2014,29.89,77.5,121,0,68.14
2024,28.55,66.1,37,0,50.77
2019,50.7,88.9,87,0,77.97
2019,55.19,78.3,10,0,72.42
2005,67.22,84.0,28,0,67.63
2024,20.1,75.2,59,1,79.76
2011,50.52,74.3,60,1,75.34
2008,37.57,90.0,146,1,86.34
2010,38.16,84.7,21,1,76.62
2005,48.04,76.2,77,1,68.13
2009,48.15,73.0,112,0,61.85
2005,50.58,57.9,122,0,53.22
2008,18.85,78.2,141,0,60.02
2006,25.0,73.7,43,1,67.16
2014,69.72,80.5,143,0,77.94
2009,35.59,83.6,96,1,71.22
2014,46.12,87.3,76,0,78.2
2005,61.09,78.4,139,0,63.84
2010,49.27,64.5,54,1,59.63
2017,50.93,53.5,50,0,56.44
2019,57.89,66.8,101,0,64.19
2008,1.0,88.3,28,0,62.8
2017,30.2,93.2,68,0,69.92
2024,49.37,72.6,79,1,80.29
2019,67.75,60.4,30,0,67.76
2012,41.32,68.5,111,0,58.05
2009,23.11,86.4,45,0,64.16
2019,23.64,69.1,96,1,67.22
2008,57.68,80.9,51,0,65.27
2016,35.64,76.7,137,1,80.18
2017,39.86,82.1,73,1,78.07
2006,52.3,93.2,40,0,67.4
2023,1.0,80.9,76,1,79.02
2023,80.01,76.5,130,1,87.73
2008,25.38,94.3,113,0,73.45
2008,44.84,78.5,51,0,67.78
2015,5.91,67.1,86,1,60.09
2009,31.55,81.9,108,1,81.11
2024,64.89,79.5,140,0,80.15
2015,1.68,71.9,68,0,67.58
2014,62.52,69.8,119,1,73.99
2012,34.53,72.0,66,1,71.62
2010,49.74,69.7,60,1,70.81
2010,53.15,72.3,70,0,59.71
2012,48.83,66.6,29,1,66.02
2019,22.7,78.9,145,0,78.49
2018,32.71,78.1,95,0,67.5
2015,10.77,78.5,55,1,67.5
2016,49.84,74.4,52,1,68.3
2017,74.04,73.2,6,0,75.46
2012,3.51,89.4,96,0,63.23
2022,24.77,75.7,112,1,84.75
2005,36.36,87.6,124,0,62.47
2019,43.47,65.0,131,1,80.63
2012,57.58,80.9,120,1,82.72
2015,36.96,67.7,37,0,58.08
2016,33.68,69.4,121,1,68.95
2016,62.06,70.9,25,1,69.53
2008,53.24,70.3,128,1,66.58
2020,50.78,70.3,3,1,78.24
2008,42.25,87.2,38,1,73.03
2009,59.66,75.5,53,0,56.95
2009,26.87,77.3,32,0,56.2
2012,24.15,70.4,19,1,62.73
2014,54.92,83.6,15,0,57.28
2021,7.5,78.6,148,0,69.62
2013,41.84,71.9,126,1,76.55
2023,33.67,59.2,86,1,70.64
2018,11.88,77.2,81,0,66.09
2012,21.37,80.8,61,1,72.66
2013,37.82,65.2,30,1,62.47
2015,60.68,72.0,41,0,68.83
2005,26.94,80.4,11,1,70.06
2018,64.27,59.3,64,0,55.27
2009,41.26,68.5,72,0,55.52
2018,66.21,78.8,130,0,87.86
2008,27.91,86.1,114,0,66.16
2005,39.02,95.0,136,0,69.98
2023,47.37,94.6,105,1,90.76
2012,36.41,76.4,15,1,74.4
2019,59.06,70.2,77,0,64.29
2019,1.0,84.2,124,1,82.3
2013,88.45,69.6,130,0,69.57
2013,57.16,67.4,140,0,61.91
2014,36.53,71.9,129,1,71.95
2024,28.95,70.7,111,0,70.21
2013,22.67,79.1,126,0,63.18
2007,52.91,69.0,20,1,68.59
2024,59.9,75.9,146,0,75.7
2015,36.75,90.9,88,1,82.09
2010,62.14,76.2,46,0,66.42
2006,21.85,90.2,149,0,67.26
2011,18.32,87.0,84,0,69.12
2022,76.27,80.9,127,0,79.68
2006,51.82,71.5,71,0,60.97
2021,67.94,85.4,41,0,81.0
2015,22.92,72.5,8,1,70.93
2016,21.53,75.0,24,1,59.29
2023,32.83,78.3,1,0,71.07
2011,23.52,74.9,18,0,61.21
2024,54.11,67.8,19,0,66.11
2010,24.98,59.7,69,1,56.32
2005,16.57,84.6,16,1,60.07
2021,42.84,80.7,123,0,70.57
2015,14.2,57.8,88,1,64.76
2022,4.01,67.5,93,0,74.03
2021,42.67,76.8,83,0,68.96
2011,5.02,79.4,130,0,59.43
2021,55.51,59.8,86,0,65.41
2024,12.09,74.1,50,0,58.56
2013,1.0,80.4,81,0,57.32
2021,34.12,71.5,7,1,71.73
2024,42.89,77.6,120,0,71.94
2012,49.83,70.1,3,0,64.27
2021,43.44,84.1,85,0,69.14
2011,18.81,67.0,127,0,61.98
2005,54.26,63.6,109,0,62.72
2017,59.2,75.3,98,0,72.93
2023,15.88,60.7,36,0,58.23
2023,36.38,53.9,70,0,61.56
2021,34.51,85.8,32,0,70.29
2017,44.41,65.2,30,0,50.16
2020,35.9,61.7,124,1,67.52
2012,38.64,66.9,11,1,63.33
2023,52.84,66.4,10,0,61.34
2022,17.72,73.6,87,0,65.33
2005,54.75,64.1,71,0,56.19
2018,62.82,80.0,31,0,72.09
2023,72.68,81.5,56,0,84.13
2019,1.0,62.3,85,0,58.2
2022,36.34,68.8,18,0,66.13
2006,1.0,69.8,115,1,56.02
2021,1.0,73.3,13,0,53.62
2022,42.88,85.8,32,0,72.48
2010,32.02,86.4,9,0,58.82
2023,46.0,95.0,79,1,89.92
2008,49.72,52.3,63,1,51.83
2005,64.96,65.8,67,0,60.18
2012,41.08,93.1,91,1,77.23
2011,98.47,57.0,124,0,62.45
2007,46.13,92.9,79,1,76.82
2014,76.85,76.5,58,1,83.48
2014,1.0,76.8,96,0,69.36
2023,66.99,62.2,18,1,83.59
2018,36.38,70.5,148,0,62.09
2006,1.03,92.5,21,0,56.38
2005,48.41,74.5,8,0,52.11
2022,33.94,70.6,8,1,74.22
2011,51.6,79.1,26,0,64.92
2012,60.22,73.1,16,0,59.06
2005,10.22,78.5,44,1,57.65
2007,60.3,66.5,7,0,49.26
2012,40.13,74.2,145,0,52.71
2019,67.06,68.6,124,0,65.26
2009,35.9,57.0,122,0,57.5
2007,30.59,79.8,32,0,65.02
2023,40.54,62.7,0,0,68.55
2005,42.04,73.4,5,1,65.78
2019,26.74,84.3,40,1,72.28
2012,30.07,60.0,4,0,44.42
2006,15.46,81.0,79,0,48.54
2007,31.31,72.0,17,0,50.23
2018,53.53,65.3,81,1,73.58
2018,37.25,95.0,64,0,71.65
2015,60.18,75.0,82,0,70.78
2020,36.29,69.3,135,1,80.11
2008,11.37,67.2,130,0,51.83
2024,51.95,83.8,24,0,69.4
2009,26.53,68.9,68,1,69.92
2018,35.33,82.6,81,1,79.21
2020,64.75,75.0,116,0,84.71
2022,16.78,86.2,94,1,82.36
2011,43.29,64.6,32,0,55.99
2014,39.19,66.0,110,1,64.74
2011,54.02,72.2,145,0,64.13
2005,57.1,73.0,124,1,61.48
2023,45.28,71.5,15,1,68.95
2020,32.79,95.0,79,1,90.07
2023,49.47,95.0,37,1,87.76
2008,66.71,78.0,134,0,65.99
2022,39.45,79.2,77,0,69.25
2006,34.65,72.6,62,0,53.49
2005,47.76,64.5,111,1,68.63
2019,40.77,73.2,88,1,77.03
2009,13.25,82.7,37,0,52.49
2024,44.79,88.1,149,1,96.55
2015,13.06,85.0,143,1,86.21
2014,47.49,59.9,51,1,67.3
2006,24.06,72.1,28,1,64.32
2007,40.74,60.3,143,0,61.12
2016,47.81,86.7,75,0,64.78
2024,89.08,70.9,144,0,90.52
2009,54.85,74.5,63,0,67.34
2009,67.3,79.8,90,1,78.14
2010,77.43,95.0,88,1,84.89
2013,49.79,77.7,12,1,64.62
2006,45.71,72.6,71,1,63.86
2016,18.67,62.6,4,0,55.34
2007,37.67,89.6,11,0,57.07
2024,25.54,73.2,2,0,65.37
2016,31.98,91.6,32,0,65.06
2021,77.41,86.1,120,0,81.52
2014,42.29,70.4,49,0,54.42
2018,22.48,61.1,136,0,53.82
2021,67.49,77.7,28,0,74.89
2022,59.11,68.9,38,1,73.89
2023,60.15,75.4,90,0,73.19
2021,1.0,85.5,99,0,67.48
2018,78.97,58.5,16,0,75.89
2013,28.83,77.6,55,1,73.33
2012,55.56,82.6,45,0,71.06
2006,90.48,83.1,66,0,65.33
2017,83.11,61.4,141,1,80.32
2011,20.45,79.2,66,0,59.63
2013,11.11,87.0,22,1,66.77
2015,68.61,78.4,93,0,81.8
2018,42.84,73.8,53,0,69.26
2008,29.98,86.4,137,0,69.56
2017,52.42,68.1,76,1,68.43
2006,36.74,59.7,15,0,40.56
2009,54.03,73.0,40,0,59.51
2015,41.34,80.4,97,0,66.36
2010,54.45,85.4,127,0,74.28
2022,22.11,80.3,60,0,73.47
2014,68.49,83.4,85,1,81.73
2008,53.95,85.5,117,1,81.21
2013,52.93,71.6,99,0,66.06
2010,17.65,73.5,48,0,51.45
2006,73.99,87.9,1,1,72.89
2021,39.73,62.9,119,0,66.84
2009,54.56,79.3,122,0,71.77
2010,33.54,67.8,85,0,58.32
2016,45.22,86.0,76,1,77.53
2014,45.94,74.8,135,1,81.08
2010,1.0,75.1,58,1,64.49
2012,51.65,92.3,11,0,77.77
2006,79.31,64.2,3,0,55.4
2016,50.8,77.2,116,1,73.61
2017,20.85,73.2,94,0,69.91
2011,53.0,80.3,124,1,74.23
2014,61.19,94.3,40,1,85.0
2017,50.25,68.9,122,0,68.64
2021,38.52,63.0,6,1,68.62
2018,35.16,66.9,68,0,61.68
2006,35.07,72.7,68,1,55.54
2015,53.96,75.6,80,0,62.9
2005,11.86,76.1,29,0,56.91
2023,32.56,93.0,72,1,89.54
2008,71.91,91.2,5,1,86.61
2023,72.68,88.0,88,0,78.53
2015,10.44,95.0,146,0,74.21
2012,17.37,83.2,65,0,68.89
2015,34.59,86.1,9,0,63.85
2008,57.85,83.0,143,0,67.32
2021,3.45,81.4,36,0,64.36
2011,38.9,78.9,76,0,61.68
2012,30.52,71.0,76,0,62.15
2007,66.52,62.5,31,0,45.49
2006,6.46,73.7,46,0,59.13
2019,41.85,80.7,109,0,68.46
2009,32.13,75.7,119,1,59.24
2005,69.4,64.3,9,0,52.98
2008,51.95,73.3,96,1,67.78
2019,28.28,72.8,4,1,69.16
2024,57.07,74.4,76,1,84.31
2023,32.22,79.9,0,1,80.41
2007,59.99,82.1,130,1,84.56
2024,35.26,70.0,66,0,65.34
2015,61.09,84.8,14,0,74.14
2021,48.72,86.3,92,1,89.41
2017,105.21,78.2,29,0,62.73
2015,38.94,81.6,102,1,73.6
2006,47.66,84.8,81,0,57.98
2013,30.41,64.0,74,1,66.91
2006,40.05,85.5,59,0,64.22
2013,1.0,67.1,39,0,53.84
2013,49.31,68.1,73,0,59.96
2012,66.86,77.0,120,1,77.09
2021,47.93,53.6,146,1,71.93
2005,13.72,76.8,2,0,48.53
2015,23.96,84.8,35,1,77.64
2012,1.0,58.5,42,0,41.77
2014,59.58,85.9,142,0,72.27
2011,19.87,68.0,114,0,58.09
2007,39.43,77.1,108,0,59.61
2007,36.93,69.5,89,0,50.78
2022,69.75,80.7,83,0,81.24
2009,41.71,85.2,76,1,71.02
2016,56.18,81.5,4,1,71.94
2016,50.93,75.0,77,0,66.9
2023,67.19,70.2,90,0,69.63
2010,35.22,74.3,86,0,60.57
2006,77.39,81.6,13,0,62.04
2016,1.0,81.9,103,0,62.49
2023,57.15,80.5,82,0,74.79
2009,22.67,62.2,53,1,63.32
2016,30.15,74.8,131,1,77.1
2021,51.39,68.7,94,0,61.0
2021,51.23,81.6,8,0,76.12
2014,52.13,67.4,52,0,63.88
2021,12.28,79.5,76,1,78.49
2019,68.98,72.2,59,0,75.03
2016,21.99,56.2,45,0,52.53
2020,24.65,84.3,53,1,81.6
2023,52.76,74.7,73,0,71.01
2012,34.27,87.8,111,0,74.41
2021,46.17,58.3,94,0,64.69
2009,1.0,72.1,22,0,43.61
2020,45.69,72.8,26,0,71.75
2010,44.36,77.7,69,0,62.31
2012,29.8,61.7,108,0,55.0
2022,1.0,80.4,76,0,65.56
2016,35.74,94.1,49,1,79.82
2019,39.25,79.7,123,0,74.26
2013,32.66,75.9,18,0,55.22
2017,3.28,61.2,0,1,50.86
2019,71.89,67.3,39,1,70.24
2014,27.22,74.4,21,1,69.46
2020,35.56,69.7,111,0,66.92
2011,1.0,85.3,39,0,65.1
2021,71.9,80.3,37,1,83.28
2011,30.67,95.0,47,1,81.46
2018,41.97,65.2,74,0,59.53
2019,62.41,75.3,106,1,79.35
2011,26.47,61.2,7,0,49.75
2013,59.26,52.8,85,1,63.19
2023,1.0,82.2,67,1,75.81
2020,51.02,80.0,74,1,76.98
2012,71.44,66.5,136,1,66.42
2022,28.39,75.9,89,1,81.43
2022,62.38,68.7,129,0,76.36
2024,76.68,70.1,79,0,72.61
2011,34.9,71.8,94,0,62.53
2007,33.25,66.0,69,0,52.22
2022,22.03,67.8,89,1,78.8
2014,29.81,68.1,58,0,52.07
2011,23.69,79.2,146,0,64.63
2021,22.02,47.3,27,0,50.05
2018,63.98,72.7,71,1,78.71
2007,24.2,64.1,13,0,55.63
2016,45.17,64.5,23,0,58.35
2017,40.76,69.7,111,0,69.85
2006,69.96,74.9,43,1,68.13
2007,29.94,72.9,55,0,60.62
2009,47.62,64.4,119,1,70.24
2015,55.82,82.2,31,0,67.37
2012,69.79,66.0,24,0,58.23
2016,29.64,67.7,115,1,73.26
2011,27.64,77.8,65,0,57.84
2019,18.76,78.2,41,0,66.12
2021,84.73,68.9,75,0,71.92
2008,67.69,45.6,136,0,54.01
2017,39.16,66.1,37,0,59.59
2022,78.63,76.6,60,0,73.24
2005,37.96,81.9,88,0,66.56
2020,54.49,74.2,17,0,69.32
2017,40.2,70.2,69,1,71.92
2014,47.96,95.0,81,1,86.04
2016,45.84,71.3,115,0,58.71
2006,31.5,81.1,79,0,70.49
2007,61.85,61.6,14,0,52.53
2014,54.32,64.1,12,0,48.18
2006,60.55,81.5,118,0,72.51
2017,46.4,85.4,42,0,67.63
2017,21.87,71.1,56,0,66.45
2022,74.19,56.5,16,0,64.39
2007,34.75,73.3,31,0,47.17
2011,47.28,76.9,149,1,77.1
2018,52.71,76.0,54,0,69.94
2024,47.15,69.4,12,1,81.31
2021,58.31,73.5,46,1,81.19
2016,61.47,67.5,86,0,59.87
2020,35.5,63.9,61,0,67.33
2016,72.51,82.6,28,0,70.28
2019,34.66,76.0,21,0,74.04
2014,46.73,73.5,64,0,62.38
2011,32.25,69.9,28,1,62.94
2024,26.53,73.2,47,0,64.02
2009,60.88,76.6,4,0,58.34
2005,102.44,92.3,100,1,80.69
2021,32.76,81.5,70,1,85.87
2007,64.31,68.3,140,0,55.76
2017,33.48,68.4,137,1,77.72
2018,39.79,66.9,65,0,67.2
2022,75.15,73.0,71,0,81.81
2008,18.53,66.9,24,0,50.04
2022,13.24,79.7,59,0,63.28
2009,38.26,48.6,39,1,52.31
2020,53.27,80.4,6,0,73.44
2005,49.27,77.8,45,0,58.94
2018,47.21,87.6,85,0,77.38
2019,40.68,83.8,140,0,83.01
2013,55.73,68.2,20,0,62.75
2019,1.0,82.6,0,0,63.66
2021,24.98,73.3,122,1,68.09
2008,38.13,55.7,146,0,49.33
2016,54.09,76.6,124,0,69.38
2009,69.8,68.8,32,0,49.76
2009,22.3,75.0,3,0,48.65
2015,69.14,91.5,2,0,72.89
2010,30.95,77.2,90,1,69.24
2011,37.4,64.8,51,1,65.9
2018,51.63,84.6,27,0,70.79
2015,35.94,78.6,69,0,67.39
2017,62.2,63.6,56,1,69.47
2006,31.91,58.9,107,0,50.62
2011,32.21,65.2,143,0,61.65
2024,61.04,83.4,23,0,84.55
2008,24.74,72.0,76,1,61.33
2012,44.98,75.8,75,0,64.72
2024,6.79,61.6,68,1,72.77
2023,76.39,83.6,100,1,83.48
2017,64.13,54.8,91,0,71.18
2018,95.0,68.4,91,1,87.32
2014,66.77,79.2,29,1,67.7
2015,17.41,63.8,17,0,55.2
2006,53.37,81.1,43,0,58.7
2013,21.64,66.3,98,0,55.71
2021,71.56,62.7,120,0,72.66
2007,17.98,87.9,114,0,69.18
2010,17.02,76.5,59,0,55.44
2009,7.8,80.2,145,0,59.45
2009,30.23,85.2,55,1,72.94
2019,26.21,48.8,30,0,53.89
2021,14.77,81.3,100,0,65.65
2013,79.8,67.4,58,0,73.58
2007,50.6,68.7,123,0,56.48
2024,48.24,79.4,129,0,83.4
2021,71.78,71.4,96,0,76.31
2014,45.13,80.9,106,0,72.77
2007,25.03,74.6,17,1,58.38
2022,6.0,76.7,144,1,69.42
2022,23.9,70.1,70,0,65.63
2021,70.11,64.4,105,1,78.66
2007,14.89,67.6,53,1,53.49
2007,47.06,74.0,93,0,64.88
2010,60.68,93.4,75,1,81.28
2017,45.71,89.7,34,1,76.97
2019,47.98,68.5,10,0,66.06
2013,53.11,75.6,60,0,68.23
2008,47.59,72.1,43,0,54.17
2018,72.18,76.3,120,0,81.55
2009,19.19,77.6,67,1,77.44
2006,44.81,80.3,24,0,53.41
2015,3.64,46.0,83,1,52.77
2013,1.0,78.7,113,1,71.22
2007,38.37,71.0,131,1,78.81
2013,50.87,68.0,0,1,62.34
2007,72.61,82.9,130,0,65.77
2006,88.4,89.7,85,0,68.41
2016,66.4,81.9,61,1,86.86
2014,54.54,69.8,63,0,59.9
2013,43.2,64.2,144,0,57.95
2019,9.38,44.9,125,1,60.48
2012,37.08,76.8,104,1,74.32
2009,65.81,80.8,61,0,71.87
2015,57.97,74.0,34,1,73.85
2006,14.27,84.3,12,1,64.95
2019,52.28,61.8,42,0,61.51
2010,50.57,73.3,129,0,58.16
2012,47.0,72.5,110,1,71.4
2009,39.44,73.9,127,0,62.73
2020,53.31,86.7,50,0,73.62
2022,53.95,74.0,143,0,68.0
2010,27.17,72.1,145,1,63.68
2009,49.1,65.6,134,0,59.88
2020,36.21,88.3,44,0,78.44
2017,10.26,60.7,41,0,61.94
2009,28.77,69.5,134,1,66.03
2017,8.73,91.9,14,0,63.99
2021,59.6,79.7,59,0,72.67
2022,47.12,74.8,39,1,72.78
2012,32.89,75.2,111,0,67.63
2017,68.41,65.5,76,1,85.12
2023,41.36,74.3,104,1,77.5
2007,11.38,71.5,106,1,56.4
2012,31.21,76.8,121,0,69.76
2006,72.66,59.9,79,1,65.21
2012,26.61,79.0,124,1,74.96
2017,45.5,85.2,133,1,91.6
2017,54.88,73.0,31,0,59.03
2005,51.8,81.5,107,1,64.88
2010,88.99,78.1,113,0,71.24
2023,16.47,68.9,145,0,68.9
2020,18.47,64.4,67,0,58.55
2012,16.8,65.8,126,1,77.63
2005,34.08,77.9,134,0,59.23
2020,61.99,74.4,113,0,71.41
2013,19.37,87.8,7,1,72.15
2017,62.27,82.9,63,0,78.4
2015,40.7,82.9,134,1,76.62
2017,17.82,77.6,40,0,62.35
2014,4.97,65.4,39,0,57.58
2008,9.45,78.3,2,1,66.32
2010,26.68,75.6,144,1,72.11
2011,36.62,63.6,109,0,69.64
2009,66.92,87.1,113,1,90.34
2015,55.98,86.0,111,0,67.93
2017,23.22,63.6,149,0,53.85
2023,48.17,68.6,3,0,70.07
2014,73.03,69.5,133,0,76.38
2014,77.48,81.1,25,0,69.5
2015,33.71,79.9,138,0,67.42
2011,59.17,75.4,16,0,58.1
2022,67.8,77.7,91,0,71.35
2008,9.86,62.1,30,0,52.12
2006,29.75,78.8,143,0,59.91
2018,84.4,74.0,106,1,84.86
2017,33.98,68.2,145,1,64.92
2016,1.0,59.7,110,0,59.3
2011,37.58,75.3,100,1,74.01
2006,62.49,78.6,111,1,66.29
2017,40.13,58.0,61,0,58.95
2018,54.31,75.2,111,0,71.71
2021,58.76,76.2,115,1,81.23
2013,32.9,69.5,34,0,43.25
2021,29.61,78.8,27,1,72.69
2012,43.07,73.7,102,1,73.51
2006,43.56,77.8,124,1,67.71
2017,41.08,80.3,101,1,77.87
2007,41.9,80.3,136,0,72.34
2020,25.03,85.2,142,0,75.05
2010,55.01,78.4,20,1,59.96
2023,51.98,70.2,51,0,68.94
2011,13.28,68.5,96,1,64.35
2014,32.22,64.4,50,1,60.59
2013,41.86,76.5,82,1,76.71
2006,29.31,88.2,54,0,54.69
2019,52.75,71.4,76,0,67.93
2009,38.66,79.5,126,0,57.68
2008,43.38,67.5,92,0,55.77
2024,31.99,76.9,87,1,84.36
2008,1.0,87.6,79,1,67.49
2022,1.0,81.9,91,1,76.13
2008,51.79,59.3,46,0,52.25
2021,45.34,80.7,37,0,72.19
2016,48.77,81.2,138,1,85.07
2021,42.69,76.7,14,0,71.77
2014,44.29,81.7,0,0,71.79
2005,59.38,66.7,134,1,67.78
2022,48.89,75.6,0,1,68.45
2022,60.82,86.1,48,0,82.46
2018,43.43,85.2,95,1,89.01
2019,33.99,80.5,25,0,80.1
2016,43.88,66.2,86,1,78.03
2008,23.28,64.6,92,0,50.34
2007,32.4,76.1,101,0,60.52
2024,43.55,76.8,70,1,80.28
2016,43.29,74.0,139,0,67.21
2011,37.87,67.0,94,1,66.09
2015,12.24,79.4,117,1,79.8
2005,52.73,76.1,147,1,63.36
2010,56.68,77.9,118,1,70.34
2019,72.87,80.9,50,0,81.2
2019,48.84,72.3,80,1,83.93
2023,40.03,70.1,35,0,63.91
2015,19.74,86.1,66,0,75.55
2006,69.84,67.4,128,1,74.27
2018,44.96,70.3,113,0,66.61
2006,43.87,87.3,110,0,54.38
2008,34.92,69.5,141,0,51.11
2021,33.64,74.0,99,1,74.51
2007,53.77,70.9,108,1,72.3
2017,19.57,57.2,119,0,60.89
2013,72.51,73.8,78,0,65.73
2011,68.15,64.9,133,1,70.96
2019,32.92,77.5,18,0,65.65
2015,22.72,86.1,126,0,69.64
2024,1.0,52.9,28,0,54.0
2006,14.97,70.9,23,0,49.51
2019,54.6,79.5,9,0,61.23
2018,46.31,53.2,104,1,66.09
2024,49.87,88.4,144,0,83.95
2015,3.09,78.8,54,1,73.51
2007,32.08,85.8,146,1,70.47
2021,67.35,69.4,1,1,76.65
2016,38.08,70.6,146,0,69.91
2019,14.55,73.4,134,0,66.04
2020,37.77,95.0,110,0,71.89
2009,24.58,88.2,37,1,75.88
2024,46.67,76.3,130,0,80.6
2010,40.41,77.5,101,0,65.03
2023,50.87,81.3,94,0,77.61
2009,15.64,95.0,91,0,58.69
2007,31.03,78.8,70,0,63.04
2005,61.81,75.5,23,0,65.58
2010,12.91,71.6,67,0,49.53
2019,19.94,77.3,127,0,75.94
2006,43.99,69.1,92,0,62.22
2007,45.73,80.0,43,1,62.87
2021,30.22,60.7,132,0,62.3
2016,34.43,72.4,54,0,55.89
2022,50.66,82.3,28,0,73.45
2019,56.99,78.7,36,0,73.14
2016,18.62,70.4,114,1,63.88
2020,47.29,72.7,2,0,67.46
2012,70.24,85.4,121,1,86.06
2018,37.68,62.9,42,1,70.87
2021,18.4,63.0,6,1,67.61
2012,17.48,65.7,124,0,51.13
2019,36.79,74.9,48,0,65.96
2018,60.72,61.4,120,1,75.99
2022,39.18,84.5,72,0,82.65
2024,43.78,65.8,40,1,74.66
2011,20.07,77.2,105,1,71.81
2007,59.66,69.2,76,1,62.29
2016,17.09,74.3,126,0,59.06
2007,29.91,59.0,90,1,51.65
2024,52.6,85.0,7,1,81.84
2018,1.0,65.4,31,1,73.1
2019,43.48,64.3,63,0,61.03
2018,19.22,95.0,137,0,79.46
2011,40.33,80.5,12,0,64.51
2021,32.96,84.6,92,0,69.2
2016,82.12,79.6,60,0,71.74
2024,32.14,70.5,7,1,76.73
2008,76.85,61.9,28,0,58.44
2013,51.74,72.0,94,1,62.9
2010,23.97,65.2,40,0,55.18
2020,46.62,65.8,148,0,66.55
2006,33.91,59.2,10,0,43.35
2012,44.84,76.1,1,0,62.47
2015,25.72,90.7,130,1,89.34
2017,73.8,80.6,79,0,73.91
2021,58.51,73.9,86,1,86.74
2012,40.64,74.6,105,0,57.04
2022,74.58,44.5,138,1,72.6
2022,41.49,70.8,16,0,63.3
2018,61.95,60.7,22,0,62.57
2019,40.77,76.3,47,0,66.36
2010,47.88,72.4,19,0,51.63
2015,38.37,66.3,1,0,52.52
2017,41.91,76.1,87,1,68.08
2005,43.41,76.0,30,1,57.49
2010,26.61,90.2,129,1,79.94
2013,31.98,81.9,77,0,64.72
2012,35.66,77.2,3,0,60.84
2015,44.59,65.5,140,0,73.53
2023,39.39,64.3,127,1,75.31
2013,63.46,81.0,133,1,84.23
2021,56.94,73.0,30,1,77.48
2016,36.07,77.5,137,1,91.62
2018,67.64,84.8,20,0,58.85
2019,77.46,59.9,22,0,60.27
2020,1.0,89.0,130,0,76.41
2024,58.65,84.7,147,0,79.93
2005,26.14,54.5,28,0,45.38
2014,56.01,95.0,104,0,78.0
2012,64.76,78.2,51,1,79.3
2022,22.46,70.2,114,1,70.12
2005,2.95,80.2,100,1,64.4
2006,56.71,65.2,83,1,66.4
2005,42.71,80.5,60,0,60.3
2005,6.63,67.1,124,0,51.47
2013,90.59,95.0,70,1,95.0
2017,52.49,75.6,69,0,60.32
2005,53.4,81.5,138,0,66.28
2017,67.32,67.1,107,0,62.57
2024,28.38,83.2,20,0,75.83
2011,42.61,74.9,130,0,60.94
2006,13.61,60.9,81,0,34.97
2010,27.84,72.6,87,0,62.74
2011,47.71,94.3,110,1,81.27
2018,6.69,83.6,9,0,65.43
2022,27.27,71.2,11,0,70.98
2019,21.44,56.3,6,0,54.73
2006,42.84,66.7,144,0,58.61
2014,51.49,60.9,113,1,68.81
2016,54.84,56.5,25,1,58.81
2021,59.98,82.9,14,1,80.85
2012,67.44,75.6,32,0,75.0
2015,52.14,93.0,61,0,73.47
2007,77.75,65.0,46,0,57.29
2010,42.39,75.0,94,0,68.83
2013,36.53,61.1,34,0,46.4
2010,52.15,69.1,75,0,63.2
2013,35.67,72.8,122,0,56.3
2011,77.05,71.3,82,1,76.08
2013,62.62,75.5,24,0,64.65
2022,55.01,84.7,56,1,88.07
2016,42.63,83.7,31,0,63.51
2012,31.85,67.3,62,0,54.46
2012,54.03,74.7,11,1,72.92
2022,17.46,82.9,62,1,76.24
2024,70.69,85.4,76,0,86.06
2019,36.45,68.4,91,0,66.46
2011,46.1,82.1,0,0,60.53
2015,21.81,78.3,69,0,62.3
2024,54.46,64.3,135,1,80.31
2020,30.93,83.0,132,1,81.64
2008,52.98,76.5,85,1,74.51
2010,55.15,57.6,38,0,51.11
2007,27.05,72.1,22,1,57.92
2013,17.53,75.4,67,0,64.63
2014,70.64,68.9,3,1,68.31
2018,36.15,87.3,125,1,81.01
2015,44.5,87.6,20,0,57.07
2022,49.71,71.2,104,0,66.65
2016,14.93,70.1,65,0,55.13
2016,49.25,73.7,6,0,60.63
2017,41.98,73.0,48,1,69.19
2017,27.13,69.1,15,0,63.87
2023,16.87,40.0,144,0,50.25
2023,52.12,92.5,83,0,79.14
2018,62.55,75.0,86,1,80.36
2008,43.57,73.2,97,0,54.89
2017,11.31,78.3,74,1,79.94
2012,18.85,74.2,33,1,69.19
2023,31.36,70.7,25,1,67.86
2016,71.29,64.9,65,0,70.28
2022,35.06,56.6,124,0,69.48
2010,30.63,61.5,62,0,46.71
2022,6.53,63.8,86,0,54.97
2023,26.87,81.5,40,0,68.13
2009,15.34,82.2,97,1,62.4
2013,19.94,66.2,123,0,54.73
2007,42.4,48.4,78,1,52.04
2014,31.98,75.1,9,0,62.51
2023,73.99,70.8,14,1,80.0
2007,61.56,70.5,41,1,65.41
2019,27.82,84.6,92,1,77.84
2005,21.66,76.4,16,1,53.7
2011,67.65,65.2,8,1,68.92
2016,73.2,62.9,113,1,77.74
2021,1.0,72.4,35,0,57.8
2024,41.86,65.9,35,0,60.69
2009,34.96,74.3,47,0,65.71
2008,52.98,85.3,50,0,66.71
2016,78.85,61.2,96,0,68.01
2024,30.32,75.9,118,0,75.79
2022,1.0,84.2,94,0,64.51
2021,51.58,74.1,69,0,78.55
2023,67.8,82.2,73,0,77.31
2013,33.92,72.1,79,1,73.61
2008,25.9,76.7,67,0,65.28
2006,31.25,79.4,149,1,71.05
2008,57.0,69.3,76,0,53.48
2006,30.91,94.9,115,1,64.17
2019,46.58,80.8,5,1,76.63
2006,40.56,88.0,74,1,73.85
2008,38.49,85.7,87,1,70.48
2010,54.03,78.3,2,0,62.02
2011,30.43,88.9,51,1,76.49
2014,31.39,76.9,73,1,76.97
2023,55.95,67.7,124,1,79.7
2023,20.26,75.1,64,1,75.99
2016,22.4,64.9,51,0,56.29
2007,14.79,54.0,75,1,52.73
2017,56.98,66.5,141,0,65.87
2022,37.9,75.7,88,0,68.96
2012,13.73,85.6,71,0,61.74
2019,57.08,66.4,67,1,75.12
2005,28.89,85.1,137,0,59.5
2007,22.57,62.9,114,0,49.88
2012,36.09,65.8,56,0,65.76
2008,69.57,89.5,65,1,83.31
2020,32.1,75.5,89,1,72.22
2014,51.51,73.3,49,0,68.33
2016,54.54,77.4,13,0,69.44
2018,48.87,62.9,15,1,67.43
2018,65.42,71.7,41,1,72.57
2006,25.86,75.0,109,1,61.53
2009,19.13,87.3,21,0,61.9
2009,18.74,58.3,67,1,52.28
2010,37.11,92.6,18,0,72.27
2017,21.06,73.8,65,0,69.79
2013,42.95,63.9,72,0,58.18
2019,41.54,62.1,146,0,71.47
2018,60.37,77.7,143,1,81.41
2011,45.82,61.5,53,0,51.52
2024,31.68,69.4,111,0,75.7
2006,48.22,72.5,17,0,63.03
2011,19.4,86.4,116,0,76.54
2010,39.24,85.2,84,0,68.34
2021,46.39,68.6,138,0,75.25
2006,42.59,72.9,38,0,57.08
2007,48.3,59.0,104,1,68.59
2009,27.12,54.6,67,1,58.09
2009,63.04,62.7,24,1,67.24
2005,76.44,86.2,122,0,65.0
2012,7.95,82.8,120,1,71.04
2016,15.69,78.8,60,1,75.64
2008,40.86,60.4,99,1,65.31
2017,34.87,67.9,50,1,73.77
2019,77.93,66.4,97,0,71.55
2015,44.4,73.3,136,1,72.87
2014,67.85,72.7,1,0,63.49
2007,1.0,65.0,4,0,44.68
2018,56.28,78.5,85,0,73.55
2020,25.69,77.3,132,0,66.26
2014,25.37,67.7,67,1,64.88
2014,35.03,78.0,8,0,61.43
2016,11.51,86.2,92,0,57.04
2013,48.86,89.3,149,1,87.98
2005,43.81,79.9,137,0,64.2
2009,45.32,79.6,124,0,67.33
2024,57.74,72.6,60,1,78.58
2012,70.3,85.3,50,1,82.22
2015,32.73,64.3,9,0,51.35
2016,49.55,84.1,133,1,79.58
2005,45.86,72.1,61,0,59.13
2024,47.55,89.9,112,0,84.67
2015,47.85,80.9,132,0,65.83
2009,71.81,74.3,121,0,75.07
2019,30.81,72.6,122,1,72.45
2009,9.49,80.3,62,1,65.19
2016,26.04,79.8,110,0,76.83
2009,55.15,71.0,88,0,51.08
2021,40.47,75.9,50,1,68.8
2021,30.65,84.0,131,0,78.14
2016,18.47,61.4,103,0,45.01
2019,44.43,82.3,122,1,72.88
2019,52.89,80.2,47,1,85.47
2010,46.12,86.9,31,1,71.86
2016,34.93,67.8,119,0,74.89
2024,42.93,75.1,98,1,76.89
2022,42.82,77.1,73,0,70.61
2018,43.79,82.4,33,0,72.52
2006,16.31,79.3,69,0,58.7
2013,43.95,62.6,109,0,58.47
2009,31.19,77.9,15,0,54.34
2024,60.81,95.0,58,0,85.88
2005,42.66,81.1,18,0,64.74
2007,56.71,91.4,94,1,82.31
2010,33.96,85.4,112,0,64.25
2009,34.69,88.6,40,0,59.76
2009,69.89,78.1,80,0,63.27
2005,48.73,80.2,102,0,56.15
2021,25.71,77.6,53,1,76.82
2023,57.94,75.0,94,0,79.38
2018,29.33,82.4,146,1,80.95
2016,44.51,69.8,61,0,72.02
2014,76.73,93.9,98,0,89.41
2024,11.37,65.7,92,1,73.9
2022,36.48,83.1,64,1,85.34
2015,48.17,88.8,67,0,68.47
2006,55.29,73.2,27,1,63.26
2022,15.18,63.9,17,0,65.02
2011,9.28,86.6,25,1,65.82
2019,61.81,77.0,103,1,89.58
2015,25.59,83.1,146,1,84.27
2022,24.75,73.9,54,1,78.72
2016,71.0,92.3,118,0,75.65
2010,41.39,53.8,123,1,59.71
2024,41.52,78.8,133,0,80.68
2017,36.4,88.4,128,0,70.74
2024,15.52,76.1,7,0,64.95
2020,53.51,78.0,50,0,75.3
2022,48.19,70.7,84,1,75.52
2014,43.37,75.2,24,0,58.28
2012,37.67,58.3,82,0,45.49
2022,34.15,67.8,92,0,65.3
2005,58.25,67.1,116,0,61.97
2012,37.17,81.7,137,1,72.51
2010,38.72,69.3,55,0,57.29
2009,50.6,69.6,11,1,63.01
2019,44.16,71.2,119,1,74.05
2019,72.85,67.5,70,1,81.57
2006,4.77,77.7,16,0,59.37
2005,46.0,78.8,121,1,75.36
2015,25.89,83.3,123,0,66.18
2014,21.16,81.5,9,1,79.55
2022,30.86,80.5,30,0,75.0
2022,41.09,71.7,59,0,66.28
2021,41.98,71.1,69,0,64.21
2012,9.65,66.3,16,1,64.6
2019,29.18,66.1,49,0,61.95
2012,45.62,76.9,36,0,58.46
2021,22.46,67.8,117,0,65.18
2016,17.7,89.7,79,1,76.21
2012,1.0,74.6,10,1,57.44
2018,26.74,90.0,133,0,81.14
2008,17.01,80.7,122,1,73.32
2005,20.32,67.2,34,0,52.55
2005,34.56,74.4,32,0,58.1
2023,28.0,58.3,17,1,62.0
2020,16.68,76.9,12,0,60.53
2018,1.0,68.1,89,0,66.36
2020,46.05,63.9,109,0,66.83
2009,55.06,90.2,0,0,59.22
2013,32.07,85.3,62,0,68.05
2006,34.68,85.0,33,0,63.44
2022,40.06,82.8,102,0,78.74
2010,71.58,62.7,9,0,51.82
2013,8.65,71.0,127,0,68.98
2005,31.71,71.6,6,0,43.36
2013,5.56,57.9,55,0,49.49
2020,47.25,69.4,79,1,84.43
2017,37.12,69.5,11,0,63.45
2013,44.06,76.3,144,1,80.52
2017,43.06,95.0,47,1,78.64
2013,59.81,74.8,25,1,73.75
2015,50.76,76.3,111,0,69.11
2008,56.61,72.5,121,0,57.54
2006,18.69,82.4,11,0,59.67
2010,63.86,64.3,148,1,67.01
2018,25.55,94.0,41,0,69.76
2008,26.7,73.8,60,1,66.45
2010,45.42,71.0,57,1,66.47
2023,46.04,84.7,33,0,76.15
2010,18.56,66.1,6,0,49.11
2006,36.53,82.2,108,1,77.84
2022,69.76,89.1,34,0,75.67
2017,10.63,72.6,14,0,55.86
2013,69.7,95.0,24,1,85.96
2023,35.17,81.4,58,0,68.36
2017,1.0,81.6,78,1,67.27
2015,12.67,88.7,85,1,77.17
2005,20.73,91.3,133,1,77.75
2011,27.52,77.6,87,0,67.08
2019,37.91,83.0,148,0,76.23
2005,1.0,89.0,70,0,54.77
2016,43.74,63.4,120,0,64.43
2011,18.9,57.7,92,0,53.92
2019,67.81,74.4,95,0,74.64
2023,34.6,57.5,31,0,66.04
2005,58.86,71.9,52,0,52.29
2021,62.21,78.1,58,1,78.62
2021,61.67,72.2,68,0,77.05
2007,28.67,73.6,131,0,51.88
2016,28.42,65.0,85,1,65.11
2010,35.5,82.9,17,1,65.96
2015,52.72,64.4,80,0,54.27
2007,29.79,54.0,113,0,47.77
2012,37.61,72.9,23,0,62.59
2018,45.47,84.2,65,1,81.33
2018,21.9,75.8,140,1,80.58
2014,20.64,63.4,61,1,68.98
2006,36.83,76.0,53,0,55.06
2018,39.48,79.4,142,0,86.35
2013,48.68,75.9,130,0,66.43
2007,53.44,72.4,36,1,64.53
2012,18.02,79.9,36,1,64.49
2020,23.76,57.6,130,1,71.6
2006,20.58,66.1,34,0,47.17
2010,68.25,61.9,123,0,60.97
2016,37.59,88.5,17,0,68.51
2009,40.32,82.1,121,1,73.22
2006,41.16,76.9,47,1,66.54
2020,25.69,60.5,16,0,54.65
2009,71.29,82.4,134,0,69.8
2019,48.22,88.9,56,0,81.03
2016,40.79,80.7,7,0,64.16
2008,17.89,74.6,127,1,68.68
2019,16.76,81.3,116,0,65.73
2015,33.82,77.7,55,1,70.46
2020,26.0,84.3,125,0,68.12
2010,18.65,84.0,58,1,78.99
2018,32.58,72.8,57,0,71.41
2022,35.67,68.4,139,1,81.07
2016,42.84,71.0,107,0,76.83
2015,29.92,80.4,73,0,70.17
2017,19.85,71.6,147,0,64.87
2015,20.54,67.5,100,0,61.69
2020,64.26,75.0,47,0,78.29
2019,14.96,86.1,70,0,65.58
2019,47.26,76.4,115,1,74.35
2008,50.39,72.2,121,0,64.16
2015,37.57,78.2,77,1,71.65
2023,75.36,75.8,28,1,71.72
2019,50.03,55.7,92,0,54.92
2008,76.86,82.0,72,1,74.96
2017,26.98,79.1,99,0,68.38
2023,27.32,75.2,73,0,70.12
2006,50.55,85.6,94,0,75.92
2018,34.77,87.1,16,1,76.94
2008,73.71,83.0,136,0,73.14
2020,46.83,66.5,96,0,58.94
2024,19.11,66.8,8,0,61.73
2018,5.26,86.2,134,1,80.65
2019,38.44,56.2,143,0,55.35
2007,38.22,73.5,18,1,58.32
2012,46.28,79.4,133,1,79.34
2020,64.21,57.5,113,1,71.3
2014,61.58,77.3,138,1,79.5
2008,28.42,84.5,124,1,75.84
2022,14.12,60.1,60,0,68.98
2006,15.32,91.6,41,0,59.83
2021,25.26,64.9,12,0,68.49
2017,32.67,80.7,139,0,62.03
2008,46.1,74.2,84,0,61.34
2015,23.98,75.7,19,0,58.72
2011,45.61,62.2,49,0,52.51
2016,47.24,87.6,91,1,85.53
2014,42.87,78.3,87,0,66.04
2011,17.43,91.2,68,1,64.29
2017,49.36,62.4,36,0,52.07
2011,81.63,73.2,139,1,82.2
2021,44.92,77.1,98,1,72.8
2014,1.0,75.6,124,0,65.1
2014,64.82,81.7,53,0,71.03
2008,25.95,73.1,129,0,58.42
2024,85.31,95.0,40,0,87.09
2008,42.33,75.4,44,1,69.22
2011,6.31,46.2,102,1,46.04
2005,1.0,75.8,105,0,53.53
2016,70.79,87.6,136,0,74.33
2017,62.12,65.8,127,0,68.97
2014,84.52,65.1,85,0,69.93
2019,40.22,66.6,46,1,71.66
2017,38.87,64.2,4,0,60.79
2013,32.35,70.2,0,0,52.85
2013,26.83,84.1,43,0,64.31
2019,32.15,90.3,149,0,77.41
2014,44.35,50.8,37,1,57.56
2014,23.12,71.2,18,0,53.17
2012,6.61,78.0,114,1,67.15
2020,43.2,77.0,86,1,73.73
2021,22.68,94.0,122,0,70.83
2009,1.0,54.9,81,0,41.34
2008,51.05,49.1,140,1,62.74
2022,17.84,95.0,57,1,85.8
2023,53.24,82.5,145,1,82.62
2008,52.76,69.3,66,0,56.23
2011,45.67,76.7,121,1,77.52
2014,89.94,77.4,86,0,71.46
2022,37.24,69.0,130,1,71.12
2023,34.29,76.4,54,1,89.74
2008,53.67,78.5,88,0,63.29
2014,38.89,95.0,57,1,75.57
2005,63.21,84.6,62,0,65.76
2022,14.62,92.4,90,1,84.06
2009,14.96,61.6,51,0,41.07
2019,55.32,71.5,125,1,79.98
2021,16.7,77.4,23,0,70.09
2007,52.18,55.8,71,1,57.71
2016,47.4,86.8,8,0,59.42
2006,26.11,81.4,109,0,62.59
2005,47.34,71.3,93,0,60.43
2021,15.31,73.2,116,1,72.55
2020,20.0,87.5,82,0,69.97
2009,35.26,67.0,79,0,67.25
2019,41.58,87.9,148,0,75.52
2007,33.93,72.5,99,1,60.27
2011,48.66,82.6,39,0,65.45
2015,47.77,75.9,102,0,71.07
2014,70.59,95.0,61,0,81.0
2013,38.09,66.1,68,0,46.24
2018,63.89,69.3,141,0,68.36
2017,58.41,59.9,108,0,69.5
2006,85.88,64.0,3,1,65.48
2007,37.45,82.1,71,1,63.65
2011,31.59,91.0,16,0,72.05
2022,65.15,83.3,113,0,85.48
2007,47.71,74.9,84,1,66.95
2014,65.63,66.1,56,0,67.27
2011,54.34,84.0,106,1,88.24
2013,1.0,65.5,47,0,46.39
2021,47.53,61.5,116,0,69.26
2015,46.22,71.9,30,0,72.32
2011,42.66,54.7,111,1,65.34
2018,37.36,61.2,46,0,55.12
2023,8.16,93.9,133,0,80.4
2008,57.48,59.3,107,0,62.89
2010,47.48,63.1,71,1,59.15
2014,62.04,75.7,70,1,75.71
2011,9.22,76.2,107,0,58.44
2017,50.14,72.7,52,0,62.89
2018,35.31,55.0,141,1,69.44
2008,42.88,83.5,15,0,60.82
2012,35.54,70.6,115,0,65.18
2009,50.87,87.2,72,0,73.74
2005,36.74,68.6,73,1,55.07
2008,18.96,84.8,80,0,61.99
2007,41.73,88.0,11,1,70.12
2013,35.72,70.3,127,0,64.29
2012,38.33,83.8,69,0,66.62
2005,1.0,61.7,146,1,51.4
2010,53.65,77.6,40,0,70.14
2013,33.71,87.2,58,0,77.37
2011,13.04,80.2,88,1,71.98
2008,58.45,95.0,23,1,80.81
2017,52.73,80.7,143,1,83.69
2021,33.45,71.3,79,1,80.29
2006,16.96,95.0,133,1,63.28
2009,43.56,91.3,131,0,71.93
2016,42.46,59.0,91,0,56.34
2012,58.49,67.2,91,1,71.23
2010,31.13,64.6,80,0,60.44
2012,63.9,81.5,141,1,81.06
2022,29.19,80.7,70,1,78.03
2007,13.08,80.6,64,0,50.06
2016,17.35,58.7,51,1,60.76
2007,38.75,68.6,29,0,56.53
2010,38.69,73.5,98,0,57.25
2006,46.56,56.8,97,1,49.01
2016,38.19,66.3,41,0,71.09
2006,59.55,88.6,138,0,72.59
2010,34.78,59.5,26,0,49.14
2021,1.0,89.6,71,1,86.23
2007,37.58,85.9,17,1,69.75
2006,1.0,72.1,76,1,65.46
